,Num_Características,Tiempo_Total,Accuracy_Promedio
23,23,12782.197722911835,0.7360207974910736
